{"cameraMode":{"drawMode":0,"name":"Shaded","section":"Shading Mode"},"sceneLighting":true,"audioPlay":false,"sceneViewState":{"m_AlwaysRefresh":false,"showFog":true,"showSkybox":true,"showFlares":true,"showImageEffects":true,"showParticleSystems":true,"showVisualEffectGraphs":true,"m_FxEnabled":true},"in2DMode":false,"pivot":{"x":2.600905418395996,"y":3.0676207542419435,"z":0.008505821228027344},"rotation":{"x":0.20210924744606019,"y":-0.043505050241947177,"z":-0.008859200403094292,"w":-0.9784518480300903},"size":5.519698619842529,"orthographic":true}