{"cameraMode":{"drawMode":0,"name":"Shaded","section":"Shading Mode"},"sceneLighting":true,"audioPlay":false,"sceneViewState":{"m_AlwaysRefresh":false,"showFog":true,"showSkybox":true,"showFlares":true,"showImageEffects":true,"showParticleSystems":true,"showVisualEffectGraphs":true,"m_FxEnabled":true},"in2DMode":false,"pivot":{"x":-0.8956233263015747,"y":10.582113265991211,"z":27.185550689697267},"rotation":{"x":0.19198325276374818,"y":0.015279457904398442,"z":0.003111689118668437,"w":-0.9813704490661621},"size":18.446575164794923,"orthographic":true}