{"cameraMode":{"drawMode":0,"name":"Shaded","section":"Shading Mode"},"sceneLighting":true,"audioPlay":false,"sceneViewState":{"m_AlwaysRefresh":false,"showFog":true,"showSkybox":true,"showFlares":true,"showImageEffects":true,"showParticleSystems":true,"showVisualEffectGraphs":true,"m_FxEnabled":true},"in2DMode":false,"pivot":{"x":1.3191370964050294,"y":3.535111904144287,"z":-3.1881818771362306},"rotation":{"x":0.05875944718718529,"y":0.1719343364238739,"z":0.010323718190193177,"w":-0.9833880066871643},"size":8.06849193572998,"orthographic":true}