{"cameraMode":{"drawMode":0,"name":"Shaded","section":"Shading Mode"},"sceneLighting":true,"audioPlay":false,"sceneViewState":{"m_AlwaysRefresh":false,"showFog":true,"showSkybox":true,"showFlares":true,"showImageEffects":true,"showParticleSystems":true,"showVisualEffectGraphs":true,"m_FxEnabled":true},"in2DMode":false,"pivot":{"x":1763.1441650390625,"y":1020.730712890625,"z":-285.3692626953125},"rotation":{"x":0.19198325276374818,"y":0.015279457904398442,"z":0.003111689118668437,"w":-0.9813704490661621},"size":2454.150146484375,"orthographic":true}