{"cameraMode":{"drawMode":0,"name":"Shaded","section":"Shading Mode"},"sceneLighting":true,"audioPlay":false,"sceneViewState":{"m_AlwaysRefresh":false,"showFog":true,"showSkybox":true,"showFlares":true,"showImageEffects":true,"showParticleSystems":true,"showVisualEffectGraphs":true,"m_FxEnabled":true},"in2DMode":false,"pivot":{"x":-1.340367317199707,"y":-0.2031412124633789,"z":9.805429458618164},"rotation":{"x":0.14442592859268189,"y":0.059931524097919467,"z":0.008722707629203797,"w":-0.9877197742462158},"size":7.279219627380371,"orthographic":false}