{"cameraMode":{"drawMode":0,"name":"Shaded","section":"Shading Mode"},"sceneLighting":true,"audioPlay":false,"sceneViewState":{"m_AlwaysRefresh":false,"showFog":true,"showSkybox":true,"showFlares":true,"showImageEffects":true,"showParticleSystems":true,"showVisualEffectGraphs":true,"m_FxEnabled":true},"in2DMode":false,"pivot":{"x":-0.028917133808135988,"y":-0.5011338591575623,"z":-0.6641069054603577},"rotation":{"x":-0.3110008239746094,"y":0.003079524263739586,"z":0.001331264153122902,"w":0.9505849480628967},"size":3.6001665592193605,"orthographic":false}