{"cameraMode":{"drawMode":0,"name":"Shaded","section":"Shading Mode"},"sceneLighting":true,"audioPlay":false,"sceneViewState":{"m_AlwaysRefresh":false,"showFog":true,"showSkybox":true,"showFlares":true,"showImageEffects":true,"showParticleSystems":true,"showVisualEffectGraphs":true,"m_FxEnabled":true},"in2DMode":false,"pivot":{"x":-0.0485992431640625,"y":-0.6165379881858826,"z":-0.47804856300354006},"rotation":{"x":-0.023649459704756738,"y":-0.07162798196077347,"z":-0.0014552308712154627,"w":0.9972979426383972},"size":1.3874297142028809,"orthographic":false}