{"cameraMode":{"drawMode":0,"name":"Shaded","section":"Shading Mode"},"sceneLighting":true,"audioPlay":false,"sceneViewState":{"m_AlwaysRefresh":false,"showFog":true,"showSkybox":true,"showFlares":true,"showImageEffects":true,"showParticleSystems":true,"showVisualEffectGraphs":true,"m_FxEnabled":true},"in2DMode":false,"pivot":{"x":0.7883936762809753,"y":-1.1376783847808838,"z":-0.4999997615814209},"rotation":{"x":-0.2800352871417999,"y":-0.07897653430700302,"z":-0.022357692942023279,"w":0.956697940826416},"size":5.5079426765441898,"orthographic":false}