{"cameraMode":{"drawMode":0,"name":"Shaded","section":"Shading Mode"},"sceneLighting":false,"audioPlay":false,"sceneViewState":{"m_AlwaysRefresh":false,"showFog":true,"showSkybox":false,"showFlares":true,"showImageEffects":true,"showParticleSystems":true,"showVisualEffectGraphs":true,"m_FxEnabled":true},"in2DMode":false,"pivot":{"x":-0.03434637933969498,"y":-1.063004493713379,"z":-0.6656849384307861},"rotation":{"x":0.20210924744606019,"y":-0.043505050241947177,"z":-0.008859200403094292,"w":-0.9784518480300903},"size":0.5744562745094299,"orthographic":true}