{"cameraMode":{"drawMode":0,"name":"Shaded","section":"Shading Mode"},"sceneLighting":false,"audioPlay":false,"sceneViewState":{"m_AlwaysRefresh":false,"showFog":true,"showSkybox":false,"showFlares":true,"showImageEffects":true,"showParticleSystems":true,"showVisualEffectGraphs":true,"m_FxEnabled":true},"in2DMode":false,"pivot":{"x":0.0011338591575622559,"y":-1.0289171934127808,"z":-0.6641069054603577},"rotation":{"x":0.08779094368219376,"y":0.7941557765007019,"z":-0.11765452474355698,"w":0.5899765491485596},"size":0.9001671671867371,"orthographic":false}